id	title	identifiers	flags	source_snippets
goetzmann0001	Austrian State Treasury Note for Five Thousand Crowns	No. 008,255 | Serie 1920b		notes:"No. 008,255," · notes:"Serie 1920b"
goetzmann0003	Internal State Loan for National Defense	Loan of 1941		description:"Loan of 1941"
goetzmann0019	Inventory of Assets Belonging to the Colony of Berbice	No. 524		description:"number 524"
goetzmann0134	English Lottery Trade Card Fortune's Carriage	No. 2,656 | No. 4		page:goetzmann0167:"No. 2,656," · page:goetzmann0172:"No. 4"
goetzmann0181	Continental Lottery Subscriber List	No. 52		description:"No 52"
goetzmann0186	United States Continental Congress Lottery Ticket, Philadelphia 1776	No. 1A		notes:"No. 1A"
goetzmann0403	New York Central Rail Road Company Bond	No. 1890	year-like:No. 1890	notes:"No. 1890."
goetzmann0408	Spanish Colonial Government Payment Order	No. 444		notes:"No. 444."
goetzmann0409	Imperial Russian Internal Prize Loan	No. 45 | Serie 15871 | Loan of 1864		notes:"No. 45." · notes:"Series 15871," · notes:"Loan 1864"
goetzmann0464	Thomas C. Jenkins, Wholesale Dealer in Flour & Groceries Invoice to Offutt & Son (Pittsburgh, Pennsylvania)	No. 508–522		notes:"Nos. 508–522"
goetzmann0471	Holladay Overland Mail and Express Company Blank Check, Virginia City, Montana Territory	No. 224S		notes:"No. 224S"
goetzmann0542	Bourbon Princes in Exile Loan Certificate, Amsterdam, 1793	No. 34		notes:"No. 34,"
goetzmann0543	Ricardo & De Lara Forward Contract for British Consolidated Stock	No. 70		notes:"No. 70"
goetzmann0631	Russian Public Debt (Assignation Funds) Certificate	No. 2081	year-like:No. 2081	notes:"No. 2081"
goetzmann0632	England War Loan Dutch Certificate	No. 15145 | Loan of 1932		notes:"No. 15145" · notes:"Loan 1932"
goetzmann0633	Austrian Construction Lottery Loan (Bau-Los), Vienna, 1921	No. 060 | Serie 1,790 | No. 383	year-like:Serie 1,790	notes:"No. 060" · notes:"Series 1,790" · description:"Nr. 383,"
goetzmann0634	City of Baku 5% Loan Bond, 1910	No. 00603 | No. 1-71432 | No. 20783		notes:"No. 00603." · notes:"Nos. 1-71432" · notes:"No. 20783"
goetzmann0636	Bolivian Government Loan of 1872 Trust-Fund Certificate (London)	No. 242 | Loan of 1872 | No. 442		notes:"No. 242," · notes:"Loan 1872" · description:"No. 442,"
goetzmann0637	Bolivian Republic Fondo Público Bond, Sucre, 1846	No. 2657		notes:"No. 2657"
goetzmann0638	Bosnia-Herzegovina 5% Provincial Investment Loan Bond, Sarajevo and Vienna, 1914	No. 05,155		notes:"No. 05,155"
goetzmann0639	Bosnia-Herzegovina 4½% Railway Land Loan Bond, Sarajevo and Vienna, 1902	No. 17,496 | No. 118 | Loan of 1902		notes:"No. 17,496" · description:"No. 118" · description:"loan of 1902"
goetzmann0640	Serbian Economic Development Loan Bond	No. 0324809		notes:"No. 0324809"
goetzmann0641	Bosnia and Herzegovina Employment Loan Bond, Sarajevo, 1987	No. CC 04238717		notes:"No. CC 04238717"
goetzmann0642	Imperial Brazil Loan Conversion Circular	No. 3,329 | No. 3,396		description:"No. 3,329" · description:"Nos. 3,396"
goetzmann0643	Hungarian Kingdom Annuity Loan Bond	No. 00,919		notes:"No. 00,919"
goetzmann0644	City of Budapest Obligation	No. 135202 | Loan of 1911		notes:"No. 135202" · notes:"loan 1911"
goetzmann0645	Province of Buenos Aires Gold Loan Bond	No. 048151 | Loan of 1915		notes:"No. 048151" · notes:"Loan 1915"
goetzmann0646	Tungsram Share Certificate	No. 107,151–107,160		notes:"Nos. 107,151–107,160"
goetzmann0647	Companhia da Zambezia Provisional Share Certificate, Lisbon, 1900	Serie 1898-1900		notes:"series 1898-1900"
goetzmann0648	Principality of Bulgaria State Mortgage Loan Bond	No. 073,741–073,742 | Loan of 1892		notes:"Nos. 073,741–073,742" · notes:"Loan 1892"
goetzmann0650	Chrysler Corporation Share Certificate, Amsterdam, 1926	No. 27 | No. 40		description:"No. 27" · description:"No. 40,"
goetzmann0651	Republic of Colombia Funding Certificate	No. 5131/1882 | Loan of 1906 | Loan of 1911		notes:"No. 5131/1882" · description:"Loan of 1906" · description:"Loan of 1911"
goetzmann0652	Republic of Cuba External Gold Bond	No. F 2124		notes:"No. F 2124"
goetzmann0653	Czechoslovak State 8% Sterling Bond, Prague, 1924	No. 470 | No. 110		description:"No. 470" · description:"No. 110"
goetzmann0654	Egyptian Credit Foncier Bearer Share	No. 5,000,246		notes:"No. 5,000,246"
goetzmann0656	Bank of England Letter of Attorney for Consolidated £3 per Cent. Annuities	No. 17601		notes:"No. 17601,"
goetzmann0657	Land Bank of Estonia Mortgage Bond	No. 013136		notes:"No. 013136,"
goetzmann0658	Kingdom of Serbia 5% Gold Loan Bond, Belgrade, 1913	No. 467,139 | Loan of 1913		notes:"No. 467,139." · description:"Loan of 1913"
goetzmann0659	City of Berlin Municipal Loan Bond, Berlin, 1923	No. 15581		notes:"No. 15581,"
goetzmann0660	Kingdom of Greece 2.5% Guaranteed Gold Loan Bond, 1898	No. 43,842 | Loan of 1898		notes:"No. 43,842." · description:"Loan of 1898"
goetzmann0661	Native Guano Company Share Certificate	No. 43238		notes:"No. 43238."
goetzmann0662	Hungarian Mortgage Bank Conversion Prize Bond, Budapest, 1906	No. 77 | Serie 881		notes:"No. 77," · notes:"Serie 881,"
goetzmann0665	Principality of Bulgaria 6% Hypothecary State Loan Bond, Sophia, 1892	No. 023,156 | Loan of 1892		notes:"No. 023,156." · description:"Loan of 1892"
goetzmann0666	Principality of Bulgaria 6% Hypothecary State Loan Double Bond, Sophia, 1892	No. 069,185-069,186 | Loan of 1892		notes:"Nos. 069,185-069,186," · description:"Loan of 1892"
goetzmann0668	Imperial Russian Government Conversion Bond	No. 097530 | No. 38		notes:"No. 097530." · page:goetzmann0667:"numbered 38"
goetzmann0669	Imperial Russian Government State Loan Bond, No. 196422	No. 196422 | Loan of 1902		notes:"No. 196422." · notes:"Loan 1902"
goetzmann0673	Imperial Russian Government Noble Land Bank Mortgage Note	No. 364213		notes:"No. 364213,"
goetzmann0674	Moscow-Kiev-Voronezh Railway Bearer Bond	No. 0567359		notes:"No. 0567359."
goetzmann0675	Imperial Russian Government, Nikolaevsky Railway 4% Bond (St. Petersburg, 1867)	No. 579536–579540 | No. 207321 | No. 946007		notes:"Nos. 579536–579540." · notes:"No. 207321" · notes:"No. 946007"
goetzmann0676	Imperial Russian Government Consolidated 4% Railway Bond	No. 579950		notes:"No. 579950."
goetzmann0677	Russian Provisional Government Liberty Loan, Petrograd, 1917	No. 0643022		notes:"No. 0643022."
goetzmann0679	Student Loan Marketing Association (Sallie Mae) Yield Curve Note, United States, 1986	No. R 22217		notes:"No. R 22217."
goetzmann0689	National Pisco to Yca Railway Company Guaranteed Loan Bond, Republic of Peru, London, 1869	No. 3395 | No. 3,001–5,800 | No. 1 | No. 3,001		notes:"No. 3395." · notes:"Nos. 3,001–5,800." · description:"numbered 1" · description:"numbered 3,001"
goetzmann0691	Chilian Eastern Central Railway Company First Mortgage Gold Bond	No. 7645 | No. 1		notes:"No. 7645." · description:"numbered 1"
goetzmann0696	Kingdom of Serbia 4% Amortisable Gold Bond	No. 033,596 | Loan of 1895		notes:"No. 033,596." · page:goetzmann0695:"loan of 1895"
goetzmann0697	Chinese Imperial Government 4½% Gold Loan Bond, Berlin, 1898	No. 076220 | No. A 024,487 | Loan of 1898 | No. 76 | No. 076230		notes:"No. 076220" · notes:"No. A 024,487," · notes:"Loan of 1898" · page:goetzmann0699:"numbered 76" · page:goetzmann0699:"No. 076230,"
goetzmann0701	Government of Honduras State Railway Loan Bearer Obligation, Paris, 1869	No. 74444 | Loan of 1869		notes:"No. 74444." · notes:"Loan of 1869"
goetzmann0703	Republic of Bolivia Bearer Bond with Coupon Sheet	Loan of 1870		notes:"Loan of 1870"
goetzmann0705	City of Naples Unified Debt Bond	No. 20027		notes:"No. 20027."
goetzmann0706	Liberian Government 7% Loan Arrear Interest Certificate, London, 1899	No. 0865 | Loan of 1871		notes:"No. 0865" · notes:"Loan of 1871"
goetzmann0707	República Mexicana 5% Consolidated External Debt Gold Bond, 1899	No. 621768 | Loan of 1899		notes:"No. 621768." · description:"loan of 1899"
goetzmann0708	Mexico Gold Treasury Bond	No. 054614		notes:"No. 054614."
goetzmann0709	Provisional Bearer Receipt for the 4% Ottoman Unified Converted Debt, Paris, 1933	No. 0,951,240		notes:"No. 0,951,240."
goetzmann0710	Société Ottomane du Chemin de Fer de Damas-Hamah Bond, Constantinople, 1910	No. 41045		notes:"No. 41045."
goetzmann0711	Ottoman Public Debt Bearer Receipt, Amsterdam, 1930	No. 100,014 | No. 125,515 | Serie A 1928		notes:"No. 100,014." · notes:"No. 125,515" · notes:"Série A 1928."
goetzmann0713	Republic of Peru 100-soles bond for the Arica customs house, Lima, 1871	No. 165		notes:"No. 165."
goetzmann0714	City of Warsaw Bearer Bond	No. 0038738 | Loan of 1931		notes:"No. 0038738." · notes:"Loan of 1931"
goetzmann0716	Republic of Poland Dollar Premium Loan Bond, Warsaw, 1931	No. 1450669 | No. 16 | No. 1222277		notes:"No. 1450669." · notes:"nos. 16," · notes:"No. 1222277"
goetzmann0717	Portugal External Debt Provisional Certificate	No. 1463		notes:"No. 1463."
goetzmann0718	Portuguese External Fund Zero-Coupon Bond, Lisbon, 1902	No. 303486		notes:"No. 303486."
goetzmann0719	Hope & Co. Certificate of Russian 6% Bank Assignations, Amsterdam, 1825	No. 1326 | No. 4031 | No. 3074		notes:"No. 1326," · notes:"No. 4031" · notes:"No. 3074"
goetzmann0720	USSR State Loan Bond	No. 012594 | Serie 33		notes:"No. 012594," · notes:"Series 33,"
goetzmann0721	Russian State Internal 4½% Lottery Loan Bond, Provisional Government, 1917	No. 15800 | No. 32 | Loan of 1917		notes:"No. 15800," · notes:"No. 32," · notes:"Loan of 1917"
goetzmann0723	Imperial Russian Three Per Cent Loan Bond	No. 41150 | Loan of 1859		notes:"No. 41150." · notes:"Loan 1859"
goetzmann0724	City of Bari Prize Loan Bond	No. 049 | Serie 317		notes:"No. 049." · notes:"Serie 317,"
goetzmann0734	Principality of Bulgaria Gold Loan Bond	No. 130,763 | Loan of 1902		notes:"No. 130,763" · notes:"Loan of 1902"
goetzmann0736	Province of Buenos Aires Consolidated Internal Debt Bond, La Plata, 1935	No. 4293 | No. 133,050 | No. 4393 | No. 4225		notes:"N° 4293," · notes:"No. 133,050" · page:goetzmann0737:"No. 4393," · page:goetzmann0737:"No. 4225,"
goetzmann0738	Kingdom of Serbia 4% Amortizable Loan of 1895 (reverse: amortization plan and coupon talons)	Loan of 1895		description:"Loan of 1895"
goetzmann0966	Bulgarian Government Gold Loan Bond	No. 008,761 | Loan of 1902		notes:"No. 008,761" · notes:"Loan of 1902"
goetzmann0974	Exposition Coloniale Internationale Paris Lottery Bond	No. 08682 | Serie 018		notes:"No. 08682" · notes:"Série 018,"
goetzmann0984	Province of Nova Scotia Government Redeemable Stock, London, 1904	No. C 1515		notes:"No. C 1515"
goetzmann0988	Banque Industrielle de Chine Share	No. 258044		notes:"No. 258044"
goetzmann0990	East Egyptian Railways Bond	No. R 10,592 | No. 10592 | No. 110 | No. 111 | No. 120		notes:"No. R 10,592" · page:goetzmann0992:"no. 10592" · page:goetzmann0992:"numbered 110" · page:goetzmann0992:"no. 111" · page:goetzmann0992:"no. 120"
goetzmann0996	Esterhazy Central Casse Partial Bond	No. 14,725		notes:"No. 14,725"
goetzmann0998	USSR Third State Loan for Reconstruction Bond, 1948	No. 055726 | No. 23		notes:"No. 055726," · notes:"No. 23"
goetzmann1000	USSR State Internal Lottery Loan Bond	No. 269867 | No. 087 | Loan of 1982		notes:"No. 269867," · notes:"No. 087" · notes:"Loan 1982"
goetzmann1002	Nationalist Government Whampoa Harbour Lottery Bond, Second Issue, Canton, 1926	No. 0439850		notes:"No. 0439850"
goetzmann1004	Imperial Russian Government 4% Consolidated Railway Bond, 1889	No. 236302 | Serie 1		notes:"No. 236302" · page:goetzmann1005:"Series 1,"
goetzmann1006	Shanghai Pudong Qiangsheng Taxi Co. Share Certificate (Shanghai, 1992)	No. DXII 0068056		notes:"No. DXII 0068056"
goetzmann1008	Société de l'Ikelemba Share Statutes (Congo Free State)	No. 1		page:goetzmann1009:"numbered 1"
goetzmann1010	Lippmann, Rosenthal & Co. Receipt for Russian Railway Bond Talons	No. 213,779		notes:"No. 213,779"
goetzmann1022	Hoogheemraadschap van den Lekdijk Bovendams Rentebrief	No. 74		notes:"No. 74,"
goetzmann0215	United States (Continental) Lottery Ticket, Philadelphia, 1776	No. 16m		notes:"No. 16m"
goetzmann0216	South Sea Annuities Dividend Warrant	No. 624		notes:"No. 624,"
goetzmann0226	State of Massachusetts-Bay War Bond issued to Seth Davenport, 1777	No. 7959		page:goetzmann0227:"No 7959"
goetzmann0229	Russian Imperial Treasury Note	No. 352814		notes:"No. 352814,"
goetzmann0230	Kingdom of Greece 2½% Guaranteed Gold Loan Bond, Athens, 1898	No. 30,731 | Loan of 1898		notes:"No. 30,731." · description:"loan of 1898"
goetzmann0231	Romania National Defense Fund 4% Army Equipment Bond (Bon pentru Înzestrarea Armatei), 500 Lei, Bucharest, 1940	No. 361,551 | No. 296		notes:"No. 361,551," · description:"No. 296"
goetzmann0232	American & British Securities Company Common Stock Certificate, Delaware, 1923	No. 18		notes:"No. 18,"
goetzmann0233	American Sugar Company 5.44% Cumulative Preferred Stock Certificate, Delaware, 1967	No. PD 21186		notes:"No. PD 21186."
goetzmann0234	American Trust Company Capital Stock Certificate (Boston)	No. 1951	year-like:No. 1951	notes:"No. 1951,"
goetzmann0292	Baltimore and Ohio Railroad Company Common Stock	No. C243475		notes:"No. C243475,"
goetzmann0293	Baltimore and Ohio Rail Road Company Preferred Stock	No. 466		notes:"No. 466,"
goetzmann0295	Banca Românească Share Certificate	No. 011648		notes:"No. 011648,"
goetzmann0296	Banco Territorial de Cuba (Crédit Foncier Cubain), Acción Beneficiaria	No. 22752		notes:"No. 22752,"
goetzmann0297	Bank of Roumania Limited Share Warrant	No. 5205 | No. 17771-17775		notes:"No. 5205," · notes:"Nos. 17771-17775"
goetzmann0300	St. Petersburg Private Commercial Bank Share, St. Petersburg, 1911	No. 82719		notes:"No. 82719,"
goetzmann0301	Sofiyska Banka (Banque de Sofia) Share Certificate	No. 035685		notes:"No. 035685,"
goetzmann0302	Banque Industrielle de Chine (中法實業銀行) Share, Paris, 1913	No. 47221		notes:"No. 47221,"
goetzmann0303	Banque Territoriale d'Espagne Share	No. 011,824		notes:"No. 011,824,"
goetzmann0304	Beate Uhse Aktiengesellschaft, 1 Euro Share	No. 000069560 | No. WKN 755140		notes:"No. 000069560," · description:"number WKN 755140."
goetzmann0305	Black-Sea-Kuban Railway Company Bond	No. A13852 | Loan of 1911		notes:"No. A13852," · description:"Loan of 1911"
goetzmann0306	Boston and Providence Rail Road Corporation Stock Certificate	No. 122		notes:"No. 122,"
goetzmann0307	British Honduras Company Limited Share Certificate	No. 12240		notes:"No. 12240,"
goetzmann0309	Compagnie Universelle du Canal Interocéanique de Panama Share	No. 185,229		notes:"No. 185,229,"
goetzmann0415	Compagnie Universelle du Canal de Panama Provisional Share	No. 0,269,304		notes:"No. 0,269,304."
goetzmann0310	Compagnie Universelle du Canal Maritime de Suez Obligation	No. 271,266		notes:"No. 271,266"
goetzmann0311	Caramanian Iron Corporation Limited Share Warrant	No. 00,689		notes:"No. 00,689,"
goetzmann0312	Central Trust Company Stock Certificate, Cambridge, Massachusetts, 1929	No. 1636	year-like:No. 1636	notes:"No. 1636,"
goetzmann0313	Amsterdam Depositary Certificate for Bank of the United States Shares	No. 36,013		notes:"No. 36,013"
goetzmann0314	Hamburg Office of Administration Certificate for 5% Russian Funds	No. 14,463		notes:"No. 14,463"
goetzmann0315	Charles Laffitte & Company Limited Share Certificate	No. 67906		notes:"No. 67906,"
goetzmann0316	Chicago, Rock Island & Pacific Rail Road Company Mortgage Bond, Chicago	No. 1381		notes:"No. 1381,"
goetzmann0317	Chicago, Rock Island and Pacific Railroad Company Gold Bond	No. 530035		notes:"No. 530035"
goetzmann0319	Gouvernement Général de l'Indo-Chine Obligation, Paris, 1902	No. 153,376		notes:"No. 153,376,"
goetzmann0325	Republic of China Third Lottery Bond (第叁次有獎公債)	No. 0675928		notes:"No. 0675928,"
goetzmann0326	真裕地產股份有限公司 (Zhenyu Real Estate Co., Ltd.) Share Certificate, China, 1944	No. 012430		notes:"No. 012430,"
goetzmann0328	Citrus Belt Land Company Stock Certificate, California, 1911	No. 426		notes:"No. 426,"
goetzmann0329	Clădirea Românească (Romanian Building Society) Share Certificate	No. 1095201-1095250		notes:"Nos. 1095201-1095250"
goetzmann0331	Compagnie d'Inguaran (Mexique), Part de Bénéfices	No. 07,399		notes:"No. 07,399,"
goetzmann0332	Compagnie Occidentale de Madagascar Share, Paris, 1910	No. 16,102		notes:"No. 16,102,"
goetzmann0333	Compañía Salitrera de Tarapacá y Antofagasta share certificate, Santiago, 1937	No. C30095 | No. 2094	year-like:No. 2094	notes:"No. C30095," · description:"No. 2094"
goetzmann0334	Companhia de Mossamedes Share Warrant to Bearer for Five Shares	No. 2272126-2272130		notes:"Nos. 2272126-2272130"
goetzmann0335	Compañía Anónima Minas de Guanandi Share	No. 2980 | No. 9239		notes:"No. 2980," · description:"No. 9239"
goetzmann0336	Madrid-Zaragoza-Alicante Railway Company Share	No. 233055		notes:"No. 233055,"
goetzmann0337	Compañía La Petrolífera Nacional Bearer Share, San Sebastián, 1928	No. 17341		notes:"No. 17341,"
goetzmann0338	Compañía Petrolera Mexicana "Faros de Aztlán" Share Certificate	No. 0245 | No. 14		notes:"No. 0245," · description:"No. 14,"
goetzmann0339	Compañía de las Hulleras de Ujo-Mieres Share Certificate	No. 370241-370245 | No. 72049		notes:"Nos. 370241-370245" · notes:"No. 72049,"
goetzmann0343	Société des Comptoirs d'Importation & d'Exportation "Congo-Cameroun" Share	No. 073774		notes:"No. 073774,"
goetzmann0344	Conseil de la Dette Publique Répartie de l'Ancien Empire Ottoman, Provisional Receipt for the Ottoman 5% Loan of 1914, Paris, 1933	No. 0,288,837 | No. 1 | Loan of 1914		notes:"No. 0,288,837," · description:"numbered 1" · description:"loan of 1914"
goetzmann0345	State of South Carolina Consolidation Bond	No. DP 1602		notes:"No. DP 1602,"
goetzmann0347	Dutch Coupons for American Land Shares, C.J.M. De Wolf, Antwerp	No. 827		notes:"No. 827,"
goetzmann0348	Crédit Foncier Agricole du Maroc Share	No. 8497		notes:"No. 8497,"
goetzmann0349	Connecticut Comptroller's Office Interest Certificate	No. 13,729		notes:"No. 13,729,"
goetzmann0351	Dale Land & Cattle Co. Stock Certificate	No. 8		notes:"No. 8,"
goetzmann0354	Grand Society of Russian Railways (Главное Общество Российских Железных Дорог) Silver Bond	No. 220757		notes:"No. 220757,"
goetzmann0357	Deli Railway Company Share	No. 7390		notes:"No. 7390,"
goetzmann0358	Société Belge d'Exportation (Jules Van der Laat & Cie) Action de Fondation, Antwerp	No. 021		notes:"No. 021,"
goetzmann0359	Banque Royale (John Law) Tournois Banknote	No. 495,360		notes:"No. 495,360,"
goetzmann0360	Compagnie Française du Haut & du Bas Congo Ordinary Share	No. 068,570		notes:"No. 068,570,"
goetzmann0361	Banco giro di Venezia 100-ducat cedula, Venice, 1798	No. 1175		notes:"No. 1175,"
goetzmann0362	Overend, Gurney and Company Limited Share Certificate	No. 72249		notes:"No. 72249"
goetzmann0364	St. Petersburg Electric Lighting Preference Share	No. 38859		notes:"No. 38859,"
goetzmann0365	Hungarian Mortgage Credit Bank Prize Bond	No. 061 | Serie 2884		notes:"No. 061," · notes:"Series 2884,"
goetzmann0366	El Callao Consolidated Gold Mining Company Limited Share Warrant for Five Shares	No. 020887		notes:"No. 020887,"
goetzmann0367	Société Anonyme d'Exploitation de Phu-Quoc Share	No. 032,638		notes:"No. 032,638,"
goetzmann0368	Ferro-Carril y Almacenes de Depósito de Santiago de Cuba Share	No. 7272		notes:"No. 7272,"
goetzmann0369	Commonwealth of Pennsylvania Five Per Cent Stock	No. 71		notes:"No. 71,"
goetzmann0370	Fosses à Charbon de M. le Marquis de Traisnel, fractional share (France, 1781)	No. 263		notes:"No. 263,"
goetzmann0372	General Investment Corporation Stock Purchase Warrant	No. NCW5418		notes:"No. NCW5418"
goetzmann0373	Imperial Japanese Government 4% Loan Bond, Paris, 1910	No. 403578 | Serie 30 | No. 6 | No. 19 | Loan of 1910		notes:"No. 403578," · notes:"Series 30," · description:"No. 6" · description:"No. 19," · description:"Loan of 1910"
goetzmann0374	Gouvernement de la Nouvelle-Calédonie et Dépendances 4% Bond, Paris, 1931	No. 008,679		notes:"No. 008,679,"
goetzmann0376	Société des Grands Hôtels Indochinois Action au Porteur de 50 Piastres	No. 01529		notes:"No. 01529."
goetzmann0377	Great Atlantic & Pacific Tea Company stock certificate, Maryland, 1972	No. 458293		notes:"No. 458293."
goetzmann0379	Imperial Russian Government 3% State Loan, London, 1859	No. 31016 | Loan of 1859		notes:"No. 31016." · notes:"Loan of 1859"
goetzmann0380	Romanian Public Debt Internal Consolidation Loan, Lei 5,000	No. 242914 | No. 156 | Loan of 1935		notes:"No. 242914." · description:"No. 156" · description:"Loan of 1935"
goetzmann0382	Nippon Kangyō Bank (Hypothec Bank of Japan) Premium Savings Bond, 50 yen, Tokyo, 1938	No. 009951		notes:"No. 009951."
goetzmann0383	Nippon Kangyō Bank Premium Wartime Patriotic Bond, Japan, August 1942	No. 083986		notes:"No. 083986."
goetzmann0384	Japanese Wartime Patriotic Bond (Nippon Kangyō Bank), 10 Yen, 1942	No. 095184		notes:"No. 095184."
goetzmann0385	Kahetian Railway Company Bond	No. A14533 | Loan of 1912		notes:"No. A14533." · description:"loan of 1912"
goetzmann0386	Imperial Russian Government 4% State Loan Bond, 1902	No. 116485 | Loan of 1902		notes:"No. 116485." · notes:"Loan 1902"
goetzmann0387	Imperial Russian Government 4½% State Loan Bond, 1905	No. 319459 | Loan of 1905		notes:"No. 319459." · notes:"Loan 1905"
goetzmann0388	Kettingverklaring for a De Woning Maatschappij Batavia Share, Amsterdam, 1941	No. 1499 | No. 355 | No. 155/1940		notes:"No. 1499" · notes:"No. 355." · description:"No. 155/1940"
goetzmann0389	Royal Dutch Petroleum Company Share-Subscription Warrant, The Hague, 1937	No. 015281		notes:"No. 015281."
goetzmann0390	Austrian Third War Loan Bond	No. 100356		notes:"No. 100356."
goetzmann0391	Russian-American Fur Company Share	No. 036857		notes:"No. 036857."
goetzmann0392	La Platense Flotilla Company Share Warrant (Glasgow, 1886)	No. 15821		notes:"No. 15821."
goetzmann0394	Little Miami Rail Road Company Share Certificate	No. 4644		notes:"No. 4644."
goetzmann0395	Republic of China Lung-Tsing-U-Hai Railway Treasury Bill	No. 11638 | Loan of 1923		notes:"No. 11638." · notes:"Loan 1923"
goetzmann0396	Merchants Insurance Company Stock Transfer, Providence, 1858	No. 178		notes:"No. 178."
goetzmann0397	The Mexican Telephone Company Share Certificate, New York City, 1905	No. 16621		notes:"No. 16621."
goetzmann0398	Minas Geraes Goldfields Limited Share Warrant, London, 1912	No. 023,770		notes:"No. 023,770."
goetzmann0399	Mines d'Or de Nam Kok Share	No. 059,820		notes:"No. 059,820."
goetzmann0400	Moscow-Kazan Railway Company Bond	No. 06181 | Loan of 1901		notes:"No. 06181." · notes:"Loan of 1901"
goetzmann0402	New York Central and Hudson River Railroad Company Debt Certificate	No. 1390		notes:"No. 1390."
goetzmann0404	New York, New Haven and Hartford Railroad Harlem River–Port Chester First Mortgage Gold Bond	No. 331		notes:"No. 331."
goetzmann0406	Compañía del Ferro-Carril de Palencia á Ponferrada (Noroeste de España) Bond, Madrid 1862	No. 32,105		notes:"No. 32,105."
goetzmann0407	Norwich & Worcester Rail Road Company Bond	No. 468		notes:"No. 468."
goetzmann0410	Omnium Français du Film Share	No. 022884		notes:"No. 022884."
goetzmann0412	Norbertine Fathers' Order 8% First Mortgage Bond, Gödöllő (Budapest), 1926	No. 0.274		notes:"No. 0.274."
goetzmann0413	Oregon and Transcontinental Company Share Certificate	No. 10583		notes:"No. 10583."
goetzmann0414	Austrian Building Lottery Bond	No. 049 | Serie 2,485 | No. 199		notes:"No. 049." · notes:"Serie 2,485," · description:"Nr. 199"
goetzmann0416	Café de la Paix Béziers Founder's Share	No. 1335		notes:"No. 1335."
goetzmann0419	Société des Plantations d'Agaves de l'Annam Share (Saigon, 1924)	No. 05863		notes:"No. 05863."
goetzmann0420	Polish-American Oil Company "Columbia" Share Certificate	No. 291101–291150		notes:"No. 291101–291150."
goetzmann0421	Compagnie Privilégiée des Ports de Cadix Mortgage Bond	No. 41,869		notes:"No. 41,869."
goetzmann0423	Royal Serbian Government Tobacco-Monopoly Prize Loan Bond, Belgrade, 1888	No. 35 | Serie 1922	year-like:Serie 1922	notes:"No. 35." · notes:"Series 1922,"
goetzmann0425	French Directory Promesse de mandat territorial, 25 francs, 1796	No. 19891 | Serie 30		notes:"No. 19891," · notes:"Série 30."
goetzmann0427	Reichsbank 1,000-Mark Reichsbanknote, Berlin, 1910	No. 6125588N		notes:"No. 6125588N"
goetzmann0429	Chinese Republic 5% Gold Bond, London, 1925	No. 350,356		notes:"No. 350,356."
goetzmann0430	Chinese Republic Lung-Tsing-U-Hai Railway Bond, Brussels, 1921	No. 012918		notes:"No. 012918."
goetzmann0431	Kingdom of Bulgaria State Gold Loan Bond	No. 055,199 | Loan of 1909		notes:"No. 055,199." · notes:"Loan 1909"
goetzmann0432	Russian General Oil Corporation Share Warrant to Bearer, London, 1912	No. 1625	year-like:No. 1625	notes:"No. 1625."
goetzmann0433	Imperial Russian Government State 4% Rente Certificate, St. Petersburg	No. 02756 | Serie 191		notes:"No. 02756." · notes:"Series 191."
goetzmann0434	Russian-Norwegian Timber Industry Company Share	No. 0349		notes:"No. 0349,"
goetzmann0435	City of Vienna Municipal Bond	No. 011 | Serie 000513		notes:"No. 011." · notes:"Serie 000513,"
goetzmann0436	Walchensee Loan Bond, Munich, 1923	No. 419133		notes:"No. 419133."
goetzmann0437	Seville–Jerez–Cadiz Railway Company Bearer Share, 1857	No. 40,721		notes:"No. 40,721."
goetzmann0438	Shanghai-Nanking Railway Net Profit Sub-Certificate	No. E3036		notes:"No. E3036."
goetzmann0440	Commercial Bank of Siberia Share	No. 10691		notes:"No. 10691,"
goetzmann0441	Société Anonyme des Verreries d'Extrême Orient Share, Tokyo, 1907	No. 8339		notes:"No. 8339."
goetzmann0442	Société Anonyme Minière des Aïmaks de Touchetoukhan et de Tsetsenkhan en Mongolie — St. Petersburg, 1911	No. 07520		notes:"No. 07520,"
goetzmann0443	Société Atlantique de Réassurances Share, Tangier, 1952	No. 69141		notes:"No. 69141."
goetzmann0444	Belgian Enterprise Company Share	No. 0628		notes:"No. 0628."
goetzmann0445	Bulgarian Red Cross Society Premium Loan Bond, Sofia, 1912	No. 05331		notes:"No. 05331."
goetzmann0446	Société de Lovitch des Produits et Engrais Chimiques (Łowicz) Share, Warsaw 1896	No. 2106		notes:"No. 2106,"
goetzmann0447	Société de Lovitch des Produits et Engrais Chimiques Share, Warsaw, 1895	No. 3276 | No. 2106		notes:"No. 3276," · notes:"No. 2106"
goetzmann0448	St. Petersburg Capital Lighting Company Share	No. 39419		notes:"No. 39419,"
goetzmann0449	Société des Mines d'Or de Kilo-Moto Founder's Share, Brussels and Kilo, after 1944	No. 1191340		notes:"No. 1191340."
goetzmann0450	French-Peruvian Mining Company Share	No. 1,735 | No. 22	year-like:No. 1,735	notes:"No. 1,735," · description:"No. 22,"
goetzmann0451	Egyptian Agricultural & Commercial Company Founder's Share	No. 02524		notes:"No. 02524."
goetzmann0452	Spassky Copper Mine Share Warrant	No. 68868		notes:"No. 68868."
goetzmann0453	Sixth Austrian War Loan Bond	No. 007,886 | Serie 247		notes:"No. 007,886." · notes:"Serie 247,"
goetzmann0454	Eighth Austrian War Loan Vienna June 1, 1918	No. 128,924 | Serie 117		notes:"No. 128,924." · notes:"Serie 117,"
goetzmann0455	Austrian Imperial State Bond	No. 207,407		notes:"No. 207,407."
goetzmann0456	Massachusetts Commonwealth Tax Certificate and Massachusetts-Bay Bill	No. 1582 | No. 1541 | No. 5	year-like:No. 1582 year-like:No. 1541	notes:"No. 1582," · notes:"No. 1541" · description:"No. 5"
goetzmann0458	Saint George Textile Company Share	No. 79881–79890		notes:"No. 79881–79890."
goetzmann0459	Texas and German Emigration Company Certificate of Stock (Houston)	No. 572 | No. 2775–2776		notes:"No. 572," · notes:"No. 2775–2776"
goetzmann0462	Egyptian Enterprise and Development Company Share Warrant	No. 08527		notes:"No. 08527."
goetzmann0466	Moscow & Russia Tramways Company Share	No. 00274		notes:"No. 00274,"
goetzmann0467	Egyptian Government Aswan and Asyut Irrigation Works Payment Warrant, London	No. 58/111		notes:"No. 58/111,"
goetzmann0469	Unilever N.V. Option Certificate, Rotterdam, July 1937	No. 97790 | No. 86786 | Loan of 1937		notes:"No. 97790." · notes:"No. 86786" · description:"loan of 1937"
goetzmann0470	United States of Brazil Funding Bond	No. S2940 | No. 20,251		notes:"No. S2940." · notes:"No. 20,251,"
goetzmann0472	Westchester & Philadelphia Rail Road Co. Scrip, Philadelphia, 1860	No. 262		notes:"No. 262."
goetzmann0473	Wisconsin Investment Company Class A Common Stock Certificate, Chicago, 1930	No. C8081		notes:"No. C8081,"
goetzmann0475	Deutsches Reich Treasury Note	No. 73723		notes:"No. 73723."
goetzmann0476	Eendracht Polder Bond, Zaamslag (Zeeland), 1779	No. 353		notes:"No. 353."
goetzmann0479	Chinese Imperial Government 5% Gold Loan Bond, 1903	No. 30659 | Loan of 1903		notes:"No. 30659." · description:"Loan of 1903"
goetzmann0481	Imperial Russian 4% Gold Loan Bond, Sixth Issue (125 Rubles)	No. 059944 | No. 277166		notes:"No. 059944," · notes:"Nos. 277166"
goetzmann0483	Life-Annuity Lottery Ticket of the City of Hamburg, 1773	No. 7027		notes:"No. 7027,"
goetzmann0484	Connecticut Comptroller's Interest Receipt, Hartford, 1789	No. 2435		notes:"No. 2435."
goetzmann0485	Koninklijke Fransche Lyfrente Negotiatie van Maart 1781 — Nominee Register, Amsterdam, 1787	No. 30–59 | No. 30 | No. 74		notes:"Nos. 30–59" · description:"Nos. 30" · description:"No. 74,"
goetzmann0486	Hope & Co. Certificate for Russian 5% Silver Bonds, Amsterdam, 1834	No. 13		notes:"No. 13,"
goetzmann0487	Dutch Certificate for Swedish Crown Debt	No. 1475		notes:"No. 1475."
goetzmann0488	Chinese Imperial Government Gold Loan Bond	No. B106822 | Loan of 1908		notes:"No. B106822," · notes:"Loan 1908"
goetzmann0489	Hollandsche Garantie- & Trust Compagnie German Reich Certificate	No. 0128		notes:"No. 0128,"
goetzmann0490	Royal Dutch Petroleum Stock Purchase Warrant, No. 015284	No. 015284		notes:"No. 015284,"
goetzmann0494	Liverpool Corn Trade Association Perpetual Mortgage Debenture, Liverpool, 1897	No. 291		notes:"No. 291,"
goetzmann0495	Dutch Notarial Certificate for Bank of England Consolidated Annuities	No. 7		notes:"No. 7."
goetzmann0496	Continental Loan Office Bill of Exchange, Massachusetts Bay, 1778	No. 57		notes:"No. 57,"
goetzmann0497	Continental Loan Office Bill of Exchange, Massachusetts, 1778	No. 814		notes:"No. 814,"
goetzmann0500	Share Subscription Contract for the Ostend Company	No. 36		notes:"No. 36."
goetzmann0504	Negotiatie "Concordia Res Parvae Crescunt" Share-Transfer Receipt, Amsterdam, 1894	No. 54		notes:"No. 54"
goetzmann0505	Continental Loan Office Bill of Exchange, Pennsylvania, 1780	No. 43		notes:"No. 43,"
goetzmann0507	Amsterdam Prys-Courant der Effecten, 16 May 1822	No. 39		notes:"No. 39,"
goetzmann0508	Chinese Republic Lung-Tsing-U-Hai Railway Treasury Bill	No. 11639		notes:"No. 11639,"
goetzmann0509	Middelburg Plantation Bond for Essequibo and Demerara	No. 99 | No. 90		notes:"No. 99." · description:"No. 90"
goetzmann0510	French Life Annuity on Four Million Livres	No. 21839		notes:"No. 21839."
goetzmann0512	Republic of New Granada Deferred Bond	No. 7376		notes:"No. 7376,"
goetzmann0513	Rjasan Uralsk Railway Company Certificate	No. 1977 | No. 2722	year-like:No. 1977	notes:"No. 1977," · notes:"No. 2722"
goetzmann0514	The Rock Island Company Administration Certificate, Amsterdam, 1897	No. 52108 | No. 20		notes:"No. 52108," · description:"No. 20"
goetzmann0515	Vereeniging tot Bevordering van 's Lands Weerbaarheid Lottery Loan Share, Rotterdam, 1871	No. 38 | Serie 7734		notes:"No. 38." · notes:"Series 7734,"
goetzmann0520	Hope & Co. Russian 6% Silver Certificate, Amsterdam, 1857	No. 670		notes:"No. 670,"
goetzmann0522	Sillem, Benecke & Co. Russian Funds Certificate, Hamburg, 1821	No. 13549		notes:"No. 13549,"
goetzmann0523	Volksstaat Hessen Brown-Coal-Rye Loan Bond, Darmstadt, 1923	No. 20002 | Loan of 1923		notes:"No. 20002." · description:"Loan of 1923"
goetzmann0524	Spanish Debt Conversion Passive Stock Certificate, London, 1835	No. 457		notes:"No. 457,"
goetzmann0525	Stadnitski & van Heukelom Russian Loan Certificate, Amsterdam, 1825	No. 5320		notes:"No. 5320,"
goetzmann0526	London Stock Exchange WWI Good Delivery Certificate	No. 58707		notes:"No. 58707,"
goetzmann0527	United States Treasury Six Per Cent Deferred Stock Certificate, Philadelphia, 1792	No. 42.94		notes:"No. 42.94,"
goetzmann0528	Dutch Deferred Debt Compliance Certificate, Amsterdam, 1815	No. 6231 | No. 23		notes:"No. 6231," · notes:"No. 23,"
goetzmann0529	Continental Loan Office Bill of Exchange, No. 131	No. 131		notes:"No. 131,"
goetzmann0530	Hessian Rye Loan Bond	No. 002152		notes:"No. 002152."
goetzmann0531	Continental Loan Office Bill of Exchange, Massachusetts Bay	No. 64		notes:"No. 64,"
goetzmann0532	Continental Loan Office Bill of Exchange, No. 71	No. 71		notes:"No. 71,"
goetzmann0535	"Voor den Armen" Charitable Bond, City of Haarlem	No. 110		notes:"No. 110,"
goetzmann0539	German Government International 5½% Loan of 1930, Belgian Issue (Berlin, 1930)	No. A.22399 | Loan of 1930		notes:"No. A.22399," · notes:"Loan 1930"
goetzmann0547	Pekin Syndicate Limited Bearer Share Warrant	No. 835003		notes:"No. 835003"
goetzmann0553	New Russia Company Debenture	No. 277		notes:"No. 277"
goetzmann0564	Chinese Republic 8% Railway Equipment Loan Treasury Note	Loan of 1922		notes:"Loan 1922"
goetzmann0568	Costa Rica Railway Company Debenture	No. 6886 | No. 6,551–12,550		notes:"No. 6886" · notes:"numbered 6,551–12,550"
goetzmann0572	Chinese Republic 5% Gold Industrial Loan, 500-Franc Bond (1914)	No. 026,111 | Loan of 1914		notes:"No. 026,111" · notes:"Loan 1914"
goetzmann0576	Republic of Peru 5% Gold Bond, £10	No. 71547 | No. 4131 | No. 13 | No. 52		notes:"No. 71547" · description:"No. 4131" · page:goetzmann0578:"No. 13" · page:goetzmann0579:"No. 52"
goetzmann0580	Bulgarian 5% State Gold Loan Bond of 1904	No. 079,150 | Loan of 1904		notes:"No. 079,150" · description:"Loan of 1904"
goetzmann0584	Bulgarian 4½% Gold Loan of 1907 Bond	Loan of 1907		description:"Loan of 1907"
goetzmann0588	Empire of Mexico External Public Debt Bond	No. 1,085,528 | No. 1,086,528		notes:"No. 1,085,528" · notes:"No. 1,086,528"
goetzmann0591	Ottoman Government Prize Loan Bond	No. 1,898,329		notes:"No. 1,898,329"
goetzmann0593	California Mexico Land Company Land Certificate	No. 1423		notes:"No. 1423"
goetzmann0597	Chinese Government 8% Sterling Treasury Note, Peking, 1919	No. 5654		notes:"No. 5654"
goetzmann0598	Chinese Government Reorganisation Gold Loan Bond	No. 489,731 | Loan of 1913		notes:"No. 489,731" · notes:"Loan 1913"
goetzmann0600	Colombian National Railway Company First Mortgage Debenture, London, 1910	No. 2081	year-like:No. 2081	notes:"No. 2081"
goetzmann0601	Compagnie de Colonisation Américaine Land Share, Paris, 1820	No. 4258 | No. 4		notes:"No. 4258" · description:"No. 4"
goetzmann0602	Baragua Sugar Company Mortgage Gold Bond	No. M 728		notes:"No. M 728"
goetzmann0603	Suriname Plantation Fund Conditions	No. 306		notes:"No. 306"
goetzmann0605	Connecticut Treasury Certificate	No. 11593		notes:"No. 11593"
goetzmann0606	Dutch Life-Annuity Tontine Conditions (No. 21), 1687	No. 21		notes:"No. 21"
goetzmann0611	Connecticut Comptroller's Certificate, Hartford	No. 79		notes:"No. 79"
goetzmann0612	Connecticut Comptroller's Interest Certificate, Hartford, 1789	No. 3107		notes:"No. 3107"
goetzmann0613	Denver & Rio Grande Railway Dutch Bearer Certificate, Amsterdam, 1886	No. 669		notes:"No. 669"
goetzmann0614	German External Loan 1924 (Dawes Loan), Swiss Issue — Funding Bond Entitlement Certificate, Bad Homburg, 1953	No. 10080 | Loan of 1924		notes:"No. 10080" · notes:"Loan 1924"
goetzmann0615	Hope & Co. French Three Percent Funds Certificate	No. 39		notes:"No. 39."
goetzmann0616	Dutch Certificate for 1,000 Roubles of Russian Assignat Stock, Amsterdam, 1824	No. 1266		notes:"No. 1266"
goetzmann0617	German External Loan 1924 (Dawes Loan) Rights Certificate, Bad Homburg, 1960	No. A 025220 | Loan of 1924		notes:"No. A 025220" · notes:"Loan 1924"
goetzmann0618	German Government International Loan (Young Plan) Dollar Gold Bond	No. 16917 | Loan of 1930		notes:"No. 16917" · notes:"Loan 1930"
goetzmann0619	German Government International 5½% Loan (Young Plan), French Tranche, Berlin, 1930	No. A.2009599 | Loan of 1930		notes:"No. A.2009599" · notes:"Loan 1930"
goetzmann0620	United States Three Per Cent Funded Debt Certificate, Philadelphia, 1792	No. 4693		notes:"No. 4693."
goetzmann0622	Forced Loan Receipt of the Year IV, Ghent	No. 3869 | No. 9		notes:"No. 3869," · notes:"No. 9."
goetzmann0625	State of Massachusetts Bay Treasury Note, 1780	No. 287		notes:"No. 287,"
goetzmann0626	United States Loan Office Three Per Cent Debt Certificate, New York, 1790	No. 4513		notes:"No. 4513,"
goetzmann0627	French Royal Treasury Receipt	No. 391		notes:"No. 391,"
goetzmann0628	Piscataqua Bridge Corporation Share Certificate	No. 262		notes:"No. 262,"
goetzmann0629	Caisse d'Épargnes Lafarge Tontine Share, Paris, 1793	No. 124824 | No. 10317		notes:"No. 124824," · notes:"No. 10317."
goetzmann0649	Chilian 5 Per Cent Loan Coupon Sheet (Rothschild, London)	Loan of 1892 | Loan of 1896		notes:"Loan 1892" · description:"Loan of 1896"
goetzmann0680	Russian Provisional Government Liberty Loan Bond, Petrograd, 1917	No. 059857		notes:"No. 059857."
goetzmann0682	Mississippi State Bonds Deposit Certificate	No. A139		notes:"No. A139."
goetzmann0683	Insull Utility Investments Gold Debenture	No. 47837		notes:"No. 47837."
goetzmann0684	Middle West Utilities Company Common Stock Certificate, Chicago, 1930	No. F 144861		notes:"No. F 144861,"
goetzmann0685	West Shore Railroad Company First Mortgage Guaranteed Bond	No. M 60301		notes:"No. M 60301."
goetzmann0686	Kingdom of Yugoslavia International Stabilization Gold Loan Bond	No. 237,381		notes:"No. 237,381."
goetzmann0687	Kreuger & Toll Participating Debenture	No. 1163457		notes:"No. 1163457."
goetzmann0725	Caisse Autonome des Monopoles Stabilisation Loan Bond, Kingdom of Romania, 1929	No. 161,517 | Loan of 1929		notes:"No. 161,517." · description:"Loan of 1929"
goetzmann0726	Romanian Monopoles Administration Stabilisation Loan Coupon Sheet	Loan of 1929 | Serie A 1928		description:"Loan of 1929" · page:goetzmann0727:"Série A 1928."
goetzmann0728	Ottoman Public Debt Administration Bond (Reverse)	No. 175,406 | Serie A 1928		notes:"No. 175,406." · notes:"Série A 1928,"
goetzmann0731	Ottoman Empire Unified Converted Debt Bond	No. 4,176,790		notes:"No. 4,176,790."
goetzmann0900	Hagenow Municipal Benzol-Value Bond	No. 173		description:"No. 173"
goetzmann0902	City of Rostock Redemption Loan (Abloesungsanleihe) Bond, 200 Reichsmark	No. 08939		description:"No. 08939,"
goetzmann0903	City of Rostock Redemption Loan (Abloesungsanleihe) Bond, 50 Reichsmark, with Redemption Certificate	No. 07699		description:"No. 07699,"
goetzmann0904	Silesian Loan of Holy Roman Emperor Karl VI	No. 1254		description:"No 1254."
goetzmann0908	Commerce d'Asie & d'Afrique (Trieste Company)	No. 194		description:"No 194."
goetzmann0909	The Caracas Company (Real Compañía Guipuzcoana de Caracas)	No. 2530		description:"No 2530."
goetzmann0910	Swedish West-India Company	No. 259		description:"No 259."
goetzmann0914	Derby Canal Company Share, Derby, 1793	No. 320		notes:"No. 320"
goetzmann0920	Silk-Reeling Partnership Share Certificate	No. 44		page:goetzmann0920:"No. 44"
goetzmann0926	Connecticut Land Company Certificate	No. 151		page:goetzmann0926:"No. 151,"
goetzmann0931	Share Receipt (Recepis) for the Garphytte Iron and Alum Works and Beata Christina Alum Work	No. 27		notes:"No. 27"
goetzmann0941	Egyptian Treasury Payment Order to Oppenheim & Cie, Legalized at Alexandria	No. 1694	year-like:No. 1694	page:goetzmann0942:"No 1694,"
goetzmann0943	Dutch Life-Annuity Negotiation Deed and Nominee List	No. 30 | No. 60–86		page:goetzmann0943:"No. 30" · page:goetzmann0944:"Nos. 60–86"
goetzmann0946	Rancocus Toll-Bridge Company Share Certificate, New Jersey, 1793	No. 29		notes:"No. 29"
goetzmann0947	Chinese Imperial Government Tientsin-Pukow Railway Loan Bond	No. 24305		notes:"No. 24305"
goetzmann0949	Kousanie Tea Company Share Certificate	No. 1647	year-like:No. 1647	notes:"No. 1647"
goetzmann0952	Liverpool Colquitt Street Tontine Share	No. 29		notes:"No. 29"
goetzmann0953	Compagnie des Associés aux travaux du midi de Lyon, Share for the Pont de la Mulatière (Lyon)	No. 106		notes:"No. 106"
goetzmann0954	Mississippi Union Bank Bond	No. 562		page:goetzmann0955:"No. 562,"
goetzmann0959	Chanin Building First Mortgage Leasehold Bond	No. MC530		notes:"No. MC530"
goetzmann0961	Times Square 46th Street Building First Mortgage Gold Bond	No. N840 | No. 1556-1560		notes:"No. N840" · description:"Nos. 1556-1560"
goetzmann0964	170 Broadway Building First Mortgage Leasehold Gold Bond	No. D25		notes:"No. D25."
goetzmann1015	Tyler Building First Mortgage Gold Loan Bond	No. M 1259		notes:"No. M 1259"
goetzmann1028	De Woning-Maatschappij, Batavia Bearer Share	No. 1499 | No. 46		notes:"No. 1499," · page:goetzmann0355:"Nos. 46"
goetzmann1030	Ostend Company Engagement Contract for the China Trade	No. 7		description:"No. 7"
goetzmann1032	North American Land Company Share Certificate	No. 15 | No. 141		notes:"No. 15," · description:"numbered 141"
goetzmann1034	Middelburg Plantation Mortgage Bond for Essequebo and Demerara	No. 502		notes:"No. 502,"
goetzmann1035	French Royal 3% Rente (Droit sur les Cuirs)	No. 46460		notes:"No. 46460,"
goetzmann1036	Russian Imperial Perpetual Income Bond	Loan of 1822		description:"loan of 1822"
goetzmann1037	Republic of Texas Texian Loan Bond	No. 43		notes:"No. 43,"
goetzmann1038	Continental Bill of Exchange	No. 85		notes:"No. 85,"
goetzmann0729	Principality of Bulgaria 4½% Gold Loan of 1907 Bond, 500 Francs	Loan of 1907		description:"Loan of 1907"
